[{"name":"ganesh","age":"22","gender":"male","location":" hyderabad","phone":"786321549","bgroup":"A-positive"},{"name":"viswa sai","age":"22","gender":"male","location":"bangalore","phone":"1234567899","bgroup":"A-positive"},{"name":"viswa","age":"12","gender":"male","location":"bangalore","phone":"1234567899","bgroup":"A-positive"},{"name":"viswa","age":"22","gender":"male","location":"bangalore","phone":"1234567899","bgroup":"A-positive"},{"name":"viswa","age":"22","gender":"male","location":"bangalore","phone":"1234567899","bgroup":"A-positive"},{"name":"viswa","age":"22","gender":"male","location":"bangalore","phone":"1234567899","bgroup":"A-positive"},{"name":"viswa","age":"22","gender":"male","location":"bangalore","phone":"1234567899","bgroup":"A-positive"},{"name":"teja","age":"1","gender":"male","location":" hyd","phone":"1234567899","bgroup":"A-positive"},{"name":"teja","age":"1","gender":"male","location":" hyd","phone":"1234567899","bgroup":"A-positive"},{"name":"viswa","age":"2","gender":"male","location":" hyd","phone":"1234567899","bgroup":"A-positive"},{"name":"teja","age":"22","gender":"male","location":"hyd","phone":"1234567899","bgroup":"A-positive"}]